gender,SeniorCitizen,Partner,tenure,MonthlyCharges,TotalCharges,Churn
1.0,-0.5773502691896258,1.0,-0.3687409228350686,0.1859996658619212,-0.4263309706050286,1
-1.0,1.7320508075688774,-1.0,-0.8345189306267342,1.1434935979511154,-0.9844369684879751,1
-1.0,-0.5773502691896258,1.0,0.7180744286788178,-0.7909029270128646,0.8139045802459637,0
1.0,-0.5773502691896258,-1.0,0.09703708495659699,-0.15688667468353334,0.5348515813044904,0
-1.0,1.7320508075688774,-1.0,-0.9897782665572894,1.4475626169253868,-1.0464487460305247,1
1.0,-0.5773502691896258,1.0,2.2706677879843697,-1.4507973937229852,2.0541401310969563,0
1.0,-0.5773502691896258,-1.0,-0.679259594696179,0.7423812750488851,-0.7363898583177767,1
-1.0,-0.5773502691896258,1.0,-0.21348158690451338,-1.1208501603679253,-0.20928974920610496,0
